<?xml version="1.0" encoding="UTF-8"?>
<!DOCTYPE mapper PUBLIC "-//mybatis.org//DTD Mapper 3.0//EN" 
        "http://mybatis.org/dtd/mybatis-3-mapper.dtd">
<mapper namespace="com.aicommunity.mapper.CoverMapper">

    <resultMap id="BaseResultMap" type="com.aicommunity.vo.CoverVO">
        <id column="id" property="id" jdbcType="INTEGER"/>
        <result column="url" property="url" jdbcType="VARCHAR"/>
        <result column="name" property="name" jdbcType="VARCHAR"/>
    </resultMap>

    <select id="selectRecommendedCovers" resultMap="BaseResultMap">
        SELECT 
            id,
            url,
            name
        FROM t_recommended_covers
        <if test="zone != null and zone != ''">
            WHERE zone = #{zone}
        </if>
        ORDER BY RAND()
        LIMIT #{count}
    </select>

</mapper>
